NationalDex,Species,PokemonFormId,Form,AssetFrontNormal,AssetFrontShiny,AssetBackNormal,AssetBackShiny,AssetFemale,DatabaseKnown,ResolverSupported,AdminTargetable,EventTargetable,NormalEncounterEnabled,SpecialEncounterEnabled,PlayerObtainable,PokedexRequired,Classification,Notes
1,bulbasaur,1,Base,true,true,true,true,false,true,true,true,true,true,false,true,true,BASE_NORMAL,Ordinary Kanto BASE candidate; normal_spawn_max_dex + BASE firewall
2,ivysaur,2,Base,true,true,true,true,false,true,true,true,true,true,false,true,true,BASE_NORMAL,Ordinary Kanto BASE candidate; normal_spawn_max_dex + BASE firewall
3,venusaur,3,Base,true,true,true,true,true,true,true,true,true,true,false,true,true,BASE_NORMAL,Ordinary Kanto BASE candidate; normal_spawn_max_dex + BASE firewall
3,venusaur,10033,Mega,true,true,true,true,false,true,true,true,true,false,false,true,false,EVENT_READY,Form-aware: pokemon_form_id=10033; normal_encounter=false; admin/event targetable; Shiny Front incomplete (still EVENT_READY for normal)
3,venusaur,10195,Gigantamax,true,true,false,false,false,true,true,true,true,false,false,true,false,EVENT_READY,Form-aware: pokemon_form_id=10195; normal_encounter=false; admin/event targetable; Shiny Front incomplete (still EVENT_READY for normal)
4,charmander,4,Base,true,true,true,true,false,true,true,true,true,true,false,true,true,BASE_NORMAL,Ordinary Kanto BASE candidate; normal_spawn_max_dex + BASE firewall
5,charmeleon,5,Base,true,true,true,true,false,true,true,true,true,true,false,true,true,BASE_NORMAL,Ordinary Kanto BASE candidate; normal_spawn_max_dex + BASE firewall
6,charizard,6,Base,true,true,true,true,false,true,true,true,true,true,false,true,true,BASE_NORMAL,Ordinary Kanto BASE candidate; normal_spawn_max_dex + BASE firewall
6,charizard,10034,Mega-X,true,true,true,true,false,true,true,true,true,false,false,true,false,EVENT_READY,Form-aware: pokemon_form_id=10034; normal_encounter=false; admin/event targetable; Shiny Front incomplete (still EVENT_READY for normal)
6,charizard,10035,Mega-Y,true,true,true,true,false,true,true,true,true,false,false,true,false,EVENT_READY,Form-aware: pokemon_form_id=10035; normal_encounter=false; admin/event targetable; Shiny Front incomplete (still EVENT_READY for normal)
6,charizard,10196,Gigantamax,true,true,true,true,false,true,true,true,true,false,false,true,false,EVENT_READY,Form-aware: pokemon_form_id=10196; normal_encounter=false; admin/event targetable; Shiny Front incomplete (still EVENT_READY for normal)
7,squirtle,7,Base,true,true,true,true,false,true,true,true,true,true,false,true,true,BASE_NORMAL,Ordinary Kanto BASE candidate; normal_spawn_max_dex + BASE firewall
8,wartortle,8,Base,true,true,true,true,false,true,true,true,true,true,false,true,true,BASE_NORMAL,Ordinary Kanto BASE candidate; normal_spawn_max_dex + BASE firewall
9,blastoise,9,Base,true,true,true,true,false,true,true,true,true,true,false,true,true,BASE_NORMAL,Ordinary Kanto BASE candidate; normal_spawn_max_dex + BASE firewall
9,blastoise,10036,Mega,true,true,true,true,false,true,true,true,true,false,false,true,false,EVENT_READY,Form-aware: pokemon_form_id=10036; normal_encounter=false; admin/event targetable; Shiny Front incomplete (still EVENT_READY for normal)
9,blastoise,10197,Gigantamax,true,true,false,false,false,true,true,true,true,false,false,true,false,EVENT_READY,Form-aware: pokemon_form_id=10197; normal_encounter=false; admin/event targetable; Shiny Front incomplete (still EVENT_READY for normal)
10,caterpie,10,Base,true,true,true,true,false,true,true,true,true,true,false,true,true,BASE_NORMAL,Ordinary Kanto BASE candidate; normal_spawn_max_dex + BASE firewall
11,metapod,11,Base,true,true,true,true,false,true,true,true,true,true,false,true,true,BASE_NORMAL,Ordinary Kanto BASE candidate; normal_spawn_max_dex + BASE firewall
12,butterfree,12,Base,true,true,true,true,true,true,true,true,true,true,false,true,true,BASE_NORMAL,Ordinary Kanto BASE candidate; normal_spawn_max_dex + BASE firewall
12,butterfree,10198,Gigantamax,true,true,true,true,false,true,true,true,true,false,false,true,false,EVENT_READY,Form-aware: pokemon_form_id=10198; normal_encounter=false; admin/event targetable; Shiny Front incomplete (still EVENT_READY for normal)
13,weedle,13,Base,true,true,true,true,false,true,true,true,true,true,false,true,true,BASE_NORMAL,Ordinary Kanto BASE candidate; normal_spawn_max_dex + BASE firewall
14,kakuna,14,Base,true,true,true,true,false,true,true,true,true,true,false,true,true,BASE_NORMAL,Ordinary Kanto BASE candidate; normal_spawn_max_dex + BASE firewall
15,beedrill,15,Base,true,true,true,true,false,true,true,true,true,true,false,true,true,BASE_NORMAL,Ordinary Kanto BASE candidate; normal_spawn_max_dex + BASE firewall
15,beedrill,10090,Mega,true,true,true,true,false,true,true,true,true,false,false,true,false,EVENT_READY,Form-aware: pokemon_form_id=10090; normal_encounter=false; admin/event targetable; Shiny Front incomplete (still EVENT_READY for normal)
16,pidgey,16,Base,true,true,true,true,false,true,true,true,true,true,false,true,true,BASE_NORMAL,Ordinary Kanto BASE candidate; normal_spawn_max_dex + BASE firewall
17,pidgeotto,17,Base,true,true,true,true,false,true,true,true,true,true,false,true,true,BASE_NORMAL,Ordinary Kanto BASE candidate; normal_spawn_max_dex + BASE firewall
18,pidgeot,18,Base,true,true,true,true,false,true,true,true,true,true,false,true,true,BASE_NORMAL,Ordinary Kanto BASE candidate; normal_spawn_max_dex + BASE firewall
18,pidgeot,10073,Mega,true,true,true,true,false,true,true,true,true,false,false,true,false,EVENT_READY,Form-aware: pokemon_form_id=10073; normal_encounter=false; admin/event targetable; Shiny Front incomplete (still EVENT_READY for normal)
19,rattata,19,Base,true,true,true,true,true,true,true,true,true,true,false,true,true,BASE_NORMAL,Ordinary Kanto BASE candidate; normal_spawn_max_dex + BASE firewall
19,rattata,10091,Alolan,true,true,true,true,false,true,true,true,true,false,false,true,false,EVENT_READY,Form-aware: pokemon_form_id=10091; normal_encounter=false; admin/event targetable; Shiny Front incomplete (still EVENT_READY for normal)
20,raticate,20,Base,true,true,true,true,true,true,true,true,true,true,false,true,true,BASE_NORMAL,Ordinary Kanto BASE candidate; normal_spawn_max_dex + BASE firewall
20,raticate,10092,Alolan,true,true,true,true,false,true,true,true,true,false,false,true,false,EVENT_READY,Form-aware: pokemon_form_id=10092; normal_encounter=false; admin/event targetable; Shiny Front incomplete (still EVENT_READY for normal)
20,raticate,10093,Totem-Alola,true,true,true,true,false,true,true,true,true,false,false,true,false,EVENT_READY,Form-aware: pokemon_form_id=10093; normal_encounter=false; admin/event targetable; Shiny Front incomplete (still EVENT_READY for normal)
21,spearow,21,Base,true,true,true,true,false,true,true,true,true,true,false,true,true,BASE_NORMAL,Ordinary Kanto BASE candidate; normal_spawn_max_dex + BASE firewall
22,fearow,22,Base,true,true,true,true,false,true,true,true,true,true,false,true,true,BASE_NORMAL,Ordinary Kanto BASE candidate; normal_spawn_max_dex + BASE firewall
23,ekans,23,Base,true,true,true,true,false,true,true,true,true,true,false,true,true,BASE_NORMAL,Ordinary Kanto BASE candidate; normal_spawn_max_dex + BASE firewall
24,arbok,24,Base,true,true,true,true,false,true,true,true,true,true,false,true,true,BASE_NORMAL,Ordinary Kanto BASE candidate; normal_spawn_max_dex + BASE firewall
25,pikachu,25,Base,true,true,true,true,true,true,true,true,true,true,false,true,true,BASE_NORMAL,Ordinary Kanto BASE candidate; normal_spawn_max_dex + BASE firewall
25,pikachu,10080,Rock-Star,true,true,true,true,false,true,true,true,true,false,false,true,false,EVENT_READY,Form-aware: pokemon_form_id=10080; normal_encounter=false; admin/event targetable; Shiny Front incomplete (still EVENT_READY for normal)
25,pikachu,10081,Belle,true,true,true,true,false,true,true,true,true,false,false,true,false,EVENT_READY,Form-aware: pokemon_form_id=10081; normal_encounter=false; admin/event targetable; Shiny Front incomplete (still EVENT_READY for normal)
25,pikachu,10082,Pop-Star,true,true,true,true,false,true,true,true,true,false,false,true,false,EVENT_READY,Form-aware: pokemon_form_id=10082; normal_encounter=false; admin/event targetable; Shiny Front incomplete (still EVENT_READY for normal)
25,pikachu,10083,Phd,true,true,true,true,false,true,true,true,true,false,false,true,false,EVENT_READY,Form-aware: pokemon_form_id=10083; normal_encounter=false; admin/event targetable; Shiny Front incomplete (still EVENT_READY for normal)
25,pikachu,10084,Libre,true,true,false,false,false,true,true,true,true,false,false,true,false,EVENT_READY,Form-aware: pokemon_form_id=10084; normal_encounter=false; admin/event targetable; Shiny Front incomplete (still EVENT_READY for normal)
25,pikachu,10085,Cosplay,true,true,true,true,false,true,true,true,true,false,false,true,false,EVENT_READY,Form-aware: pokemon_form_id=10085; normal_encounter=false; admin/event targetable; Shiny Front incomplete (still EVENT_READY for normal)
25,pikachu,10094,Original-Cap,true,true,true,true,false,true,true,true,true,false,false,true,false,EVENT_READY,Form-aware: pokemon_form_id=10094; normal_encounter=false; admin/event targetable; Shiny Front incomplete (still EVENT_READY for normal)
25,pikachu,10095,Hoenn-Cap,true,true,true,true,false,true,true,true,true,false,false,true,false,EVENT_READY,Form-aware: pokemon_form_id=10095; normal_encounter=false; admin/event targetable; Shiny Front incomplete (still EVENT_READY for normal)
25,pikachu,10096,Sinnoh-Cap,true,true,true,true,false,true,true,true,true,false,false,true,false,EVENT_READY,Form-aware: pokemon_form_id=10096; normal_encounter=false; admin/event targetable; Shiny Front incomplete (still EVENT_READY for normal)
25,pikachu,10097,Unova-Cap,true,true,true,true,false,true,true,true,true,false,false,true,false,EVENT_READY,Form-aware: pokemon_form_id=10097; normal_encounter=false; admin/event targetable; Shiny Front incomplete (still EVENT_READY for normal)
25,pikachu,10098,Kalos-Cap,true,true,true,true,false,true,true,true,true,false,false,true,false,EVENT_READY,Form-aware: pokemon_form_id=10098; normal_encounter=false; admin/event targetable; Shiny Front incomplete (still EVENT_READY for normal)
25,pikachu,10099,Alola-Cap,true,true,true,true,false,true,true,true,true,false,false,true,false,EVENT_READY,Form-aware: pokemon_form_id=10099; normal_encounter=false; admin/event targetable; Shiny Front incomplete (still EVENT_READY for normal)
25,pikachu,10148,Partner-Cap,true,true,true,true,false,true,true,true,true,false,false,true,false,EVENT_READY,Form-aware: pokemon_form_id=10148; normal_encounter=false; admin/event targetable; Shiny Front incomplete (still EVENT_READY for normal)
25,pikachu,10158,Starter,true,true,true,true,false,true,true,true,true,false,false,true,false,EVENT_READY,Form-aware: pokemon_form_id=10158; normal_encounter=false; admin/event targetable; Shiny Front incomplete (still EVENT_READY for normal)
25,pikachu,10160,World-Cap,true,true,true,true,false,true,true,true,true,false,false,true,false,EVENT_READY,Form-aware: pokemon_form_id=10160; normal_encounter=false; admin/event targetable; Shiny Front incomplete (still EVENT_READY for normal)
25,pikachu,10199,Gigantamax,true,true,true,true,false,true,true,true,true,false,false,true,false,EVENT_READY,Form-aware: pokemon_form_id=10199; normal_encounter=false; admin/event targetable; Shiny Front incomplete (still EVENT_READY for normal)
26,raichu,26,Base,true,true,true,true,true,true,true,true,true,true,false,true,true,BASE_NORMAL,Ordinary Kanto BASE candidate; normal_spawn_max_dex + BASE firewall
26,raichu,10100,Alolan,true,true,true,true,false,true,true,true,true,false,false,true,false,EVENT_READY,Form-aware: pokemon_form_id=10100; normal_encounter=false; admin/event targetable; Shiny Front incomplete (still EVENT_READY for normal)
27,sandshrew,27,Base,true,true,true,true,false,true,true,true,true,true,false,true,true,BASE_NORMAL,Ordinary Kanto BASE candidate; normal_spawn_max_dex + BASE firewall
27,sandshrew,10101,Alolan,true,true,true,true,false,true,true,true,true,false,false,true,false,EVENT_READY,Form-aware: pokemon_form_id=10101; normal_encounter=false; admin/event targetable; Shiny Front incomplete (still EVENT_READY for normal)
28,sandslash,28,Base,true,true,true,true,false,true,true,true,true,true,false,true,true,BASE_NORMAL,Ordinary Kanto BASE candidate; normal_spawn_max_dex + BASE firewall
28,sandslash,10102,Alolan,true,true,true,true,false,true,true,true,true,false,false,true,false,EVENT_READY,Form-aware: pokemon_form_id=10102; normal_encounter=false; admin/event targetable; Shiny Front incomplete (still EVENT_READY for normal)
29,nidoran-f,29,Base,true,true,true,true,false,true,true,true,true,true,false,true,true,BASE_NORMAL,Ordinary Kanto BASE candidate; normal_spawn_max_dex + BASE firewall
30,nidorina,30,Base,true,true,true,true,false,true,true,true,true,true,false,true,true,BASE_NORMAL,Ordinary Kanto BASE candidate; normal_spawn_max_dex + BASE firewall
31,nidoqueen,31,Base,true,true,true,true,false,true,true,true,true,true,false,true,true,BASE_NORMAL,Ordinary Kanto BASE candidate; normal_spawn_max_dex + BASE firewall
32,nidoran-m,32,Base,true,true,true,true,false,true,true,true,true,true,false,true,true,BASE_NORMAL,Ordinary Kanto BASE candidate; normal_spawn_max_dex + BASE firewall
33,nidorino,33,Base,true,true,true,true,false,true,true,true,true,true,false,true,true,BASE_NORMAL,Ordinary Kanto BASE candidate; normal_spawn_max_dex + BASE firewall
34,nidoking,34,Base,true,true,true,true,false,true,true,true,true,true,false,true,true,BASE_NORMAL,Ordinary Kanto BASE candidate; normal_spawn_max_dex + BASE firewall
35,clefairy,35,Base,true,true,true,true,false,true,true,true,true,true,false,true,true,BASE_NORMAL,Ordinary Kanto BASE candidate; normal_spawn_max_dex + BASE firewall
36,clefable,36,Base,true,true,true,true,false,true,true,true,true,true,false,true,true,BASE_NORMAL,Ordinary Kanto BASE candidate; normal_spawn_max_dex + BASE firewall
36,clefable,10278,Mega,true,true,true,true,false,true,true,true,true,false,false,true,false,EVENT_READY,Form-aware: pokemon_form_id=10278; normal_encounter=false; admin/event targetable; Shiny Front incomplete (still EVENT_READY for normal)
37,vulpix,37,Base,true,true,true,true,false,true,true,true,true,true,false,true,true,BASE_NORMAL,Ordinary Kanto BASE candidate; normal_spawn_max_dex + BASE firewall
37,vulpix,10103,Alolan,true,true,true,true,false,true,true,true,true,false,false,true,false,EVENT_READY,Form-aware: pokemon_form_id=10103; normal_encounter=false; admin/event targetable; Shiny Front incomplete (still EVENT_READY for normal)
38,ninetales,38,Base,true,true,true,true,false,true,true,true,true,true,false,true,true,BASE_NORMAL,Ordinary Kanto BASE candidate; normal_spawn_max_dex + BASE firewall
38,ninetales,10104,Alolan,true,true,true,true,false,true,true,true,true,false,false,true,false,EVENT_READY,Form-aware: pokemon_form_id=10104; normal_encounter=false; admin/event targetable; Shiny Front incomplete (still EVENT_READY for normal)
39,jigglypuff,39,Base,true,true,true,true,false,true,true,true,true,true,false,true,true,BASE_NORMAL,Ordinary Kanto BASE candidate; normal_spawn_max_dex + BASE firewall
40,wigglytuff,40,Base,true,true,true,true,false,true,true,true,true,true,false,true,true,BASE_NORMAL,Ordinary Kanto BASE candidate; normal_spawn_max_dex + BASE firewall
41,zubat,41,Base,true,true,true,true,true,true,true,true,true,true,false,true,true,BASE_NORMAL,Ordinary Kanto BASE candidate; normal_spawn_max_dex + BASE firewall
42,golbat,42,Base,true,true,true,true,true,true,true,true,true,true,false,true,true,BASE_NORMAL,Ordinary Kanto BASE candidate; normal_spawn_max_dex + BASE firewall
43,oddish,43,Base,true,true,true,true,false,true,true,true,true,true,false,true,true,BASE_NORMAL,Ordinary Kanto BASE candidate; normal_spawn_max_dex + BASE firewall
44,gloom,44,Base,true,true,true,true,true,true,true,true,true,true,false,true,true,BASE_NORMAL,Ordinary Kanto BASE candidate; normal_spawn_max_dex + BASE firewall
45,vileplume,45,Base,true,true,true,true,true,true,true,true,true,true,false,true,true,BASE_NORMAL,Ordinary Kanto BASE candidate; normal_spawn_max_dex + BASE firewall
46,paras,46,Base,true,true,true,true,false,true,true,true,true,true,false,true,true,BASE_NORMAL,Ordinary Kanto BASE candidate; normal_spawn_max_dex + BASE firewall
47,parasect,47,Base,true,true,true,true,false,true,true,true,true,true,false,true,true,BASE_NORMAL,Ordinary Kanto BASE candidate; normal_spawn_max_dex + BASE firewall
48,venonat,48,Base,true,true,true,true,false,true,true,true,true,true,false,true,true,BASE_NORMAL,Ordinary Kanto BASE candidate; normal_spawn_max_dex + BASE firewall
49,venomoth,49,Base,true,true,true,true,false,true,true,true,true,true,false,true,true,BASE_NORMAL,Ordinary Kanto BASE candidate; normal_spawn_max_dex + BASE firewall
50,diglett,50,Base,true,true,true,true,false,true,true,true,true,true,false,true,true,BASE_NORMAL,Ordinary Kanto BASE candidate; normal_spawn_max_dex + BASE firewall
50,diglett,10105,Alolan,true,true,true,true,false,true,true,true,true,false,false,true,false,EVENT_READY,Form-aware: pokemon_form_id=10105; normal_encounter=false; admin/event targetable; Shiny Front incomplete (still EVENT_READY for normal)
51,dugtrio,51,Base,true,true,true,true,false,true,true,true,true,true,false,true,true,BASE_NORMAL,Ordinary Kanto BASE candidate; normal_spawn_max_dex + BASE firewall
51,dugtrio,10106,Alolan,true,true,true,true,false,true,true,true,true,false,false,true,false,EVENT_READY,Form-aware: pokemon_form_id=10106; normal_encounter=false; admin/event targetable; Shiny Front incomplete (still EVENT_READY for normal)
52,meowth,52,Base,true,true,true,true,false,true,true,true,true,true,false,true,true,BASE_NORMAL,Ordinary Kanto BASE candidate; normal_spawn_max_dex + BASE firewall
52,meowth,10107,Alolan,true,true,true,true,false,true,true,true,true,false,false,true,false,EVENT_READY,Form-aware: pokemon_form_id=10107; normal_encounter=false; admin/event targetable; Shiny Front incomplete (still EVENT_READY for normal)
52,meowth,10161,Galarian,true,true,true,true,false,true,true,true,true,false,false,true,false,EVENT_READY,Form-aware: pokemon_form_id=10161; normal_encounter=false; admin/event targetable; Shiny Front incomplete (still EVENT_READY for normal)
52,meowth,10200,Gigantamax,true,true,true,true,false,true,true,true,true,false,false,true,false,EVENT_READY,Form-aware: pokemon_form_id=10200; normal_encounter=false; admin/event targetable; Shiny Front incomplete (still EVENT_READY for normal)
53,persian,53,Base,true,true,true,true,false,true,true,true,true,true,false,true,true,BASE_NORMAL,Ordinary Kanto BASE candidate; normal_spawn_max_dex + BASE firewall
53,persian,10108,Alolan,true,true,true,true,false,true,true,true,true,false,false,true,false,EVENT_READY,Form-aware: pokemon_form_id=10108; normal_encounter=false; admin/event targetable; Shiny Front incomplete (still EVENT_READY for normal)
54,psyduck,54,Base,true,true,true,true,false,true,true,true,true,true,false,true,true,BASE_NORMAL,Ordinary Kanto BASE candidate; normal_spawn_max_dex + BASE firewall
55,golduck,55,Base,true,true,true,true,false,true,true,true,true,true,false,true,true,BASE_NORMAL,Ordinary Kanto BASE candidate; normal_spawn_max_dex + BASE firewall
56,mankey,56,Base,true,true,true,true,false,true,true,true,true,true,false,true,true,BASE_NORMAL,Ordinary Kanto BASE candidate; normal_spawn_max_dex + BASE firewall
57,primeape,57,Base,true,true,true,true,false,true,true,true,true,true,false,true,true,BASE_NORMAL,Ordinary Kanto BASE candidate; normal_spawn_max_dex + BASE firewall
58,growlithe,58,Base,true,true,true,true,false,true,true,true,true,true,false,true,true,BASE_NORMAL,Ordinary Kanto BASE candidate; normal_spawn_max_dex + BASE firewall
58,growlithe,10229,Hisuian,true,true,true,true,false,true,true,true,true,false,false,true,false,EVENT_READY,Form-aware: pokemon_form_id=10229; normal_encounter=false; admin/event targetable; Shiny Front incomplete (still EVENT_READY for normal)
59,arcanine,59,Base,true,true,true,true,false,true,true,true,true,true,false,true,true,BASE_NORMAL,Ordinary Kanto BASE candidate; normal_spawn_max_dex + BASE firewall
59,arcanine,10230,Hisuian,true,true,true,true,false,true,true,true,true,false,false,true,false,EVENT_READY,Form-aware: pokemon_form_id=10230; normal_encounter=false; admin/event targetable; Shiny Front incomplete (still EVENT_READY for normal)
60,poliwag,60,Base,true,true,true,true,false,true,true,true,true,true,false,true,true,BASE_NORMAL,Ordinary Kanto BASE candidate; normal_spawn_max_dex + BASE firewall
61,poliwhirl,61,Base,true,true,true,true,false,true,true,true,true,true,false,true,true,BASE_NORMAL,Ordinary Kanto BASE candidate; normal_spawn_max_dex + BASE firewall
62,poliwrath,62,Base,true,true,true,true,false,true,true,true,true,true,false,true,true,BASE_NORMAL,Ordinary Kanto BASE candidate; normal_spawn_max_dex + BASE firewall
63,abra,63,Base,true,true,true,true,false,true,true,true,true,true,false,true,true,BASE_NORMAL,Ordinary Kanto BASE candidate; normal_spawn_max_dex + BASE firewall
64,kadabra,64,Base,true,true,true,true,true,true,true,true,true,true,false,true,true,BASE_NORMAL,Ordinary Kanto BASE candidate; normal_spawn_max_dex + BASE firewall
65,alakazam,65,Base,true,true,true,true,true,true,true,true,true,true,false,true,true,BASE_NORMAL,Ordinary Kanto BASE candidate; normal_spawn_max_dex + BASE firewall
65,alakazam,10037,Mega,true,true,true,true,false,true,true,true,true,false,false,true,false,EVENT_READY,Form-aware: pokemon_form_id=10037; normal_encounter=false; admin/event targetable; Shiny Front incomplete (still EVENT_READY for normal)
66,machop,66,Base,true,true,true,true,false,true,true,true,true,true,false,true,true,BASE_NORMAL,Ordinary Kanto BASE candidate; normal_spawn_max_dex + BASE firewall
67,machoke,67,Base,true,true,true,true,false,true,true,true,true,true,false,true,true,BASE_NORMAL,Ordinary Kanto BASE candidate; normal_spawn_max_dex + BASE firewall
68,machamp,68,Base,true,true,true,true,false,true,true,true,true,true,false,true,true,BASE_NORMAL,Ordinary Kanto BASE candidate; normal_spawn_max_dex + BASE firewall
68,machamp,10201,Gigantamax,true,true,true,true,false,true,true,true,true,false,false,true,false,EVENT_READY,Form-aware: pokemon_form_id=10201; normal_encounter=false; admin/event targetable; Shiny Front incomplete (still EVENT_READY for normal)
69,bellsprout,69,Base,true,true,true,true,false,true,true,true,true,true,false,true,true,BASE_NORMAL,Ordinary Kanto BASE candidate; normal_spawn_max_dex + BASE firewall
70,weepinbell,70,Base,true,true,true,true,false,true,true,true,true,true,false,true,true,BASE_NORMAL,Ordinary Kanto BASE candidate; normal_spawn_max_dex + BASE firewall
71,victreebel,71,Base,true,true,true,true,false,true,true,true,true,true,false,true,true,BASE_NORMAL,Ordinary Kanto BASE candidate; normal_spawn_max_dex + BASE firewall
71,victreebel,10279,Mega,true,true,true,true,false,true,true,true,true,false,false,true,false,EVENT_READY,Form-aware: pokemon_form_id=10279; normal_encounter=false; admin/event targetable; Shiny Front incomplete (still EVENT_READY for normal)
72,tentacool,72,Base,true,true,true,true,false,true,true,true,true,true,false,true,true,BASE_NORMAL,Ordinary Kanto BASE candidate; normal_spawn_max_dex + BASE firewall
73,tentacruel,73,Base,true,true,true,true,false,true,true,true,true,true,false,true,true,BASE_NORMAL,Ordinary Kanto BASE candidate; normal_spawn_max_dex + BASE firewall
74,geodude,74,Base,true,true,true,true,false,true,true,true,true,true,false,true,true,BASE_NORMAL,Ordinary Kanto BASE candidate; normal_spawn_max_dex + BASE firewall
74,geodude,10109,Alolan,true,true,true,true,false,true,true,true,true,false,false,true,false,EVENT_READY,Form-aware: pokemon_form_id=10109; normal_encounter=false; admin/event targetable; Shiny Front incomplete (still EVENT_READY for normal)
75,graveler,75,Base,true,true,true,true,false,true,true,true,true,true,false,true,true,BASE_NORMAL,Ordinary Kanto BASE candidate; normal_spawn_max_dex + BASE firewall
75,graveler,10110,Alolan,true,true,true,true,false,true,true,true,true,false,false,true,false,EVENT_READY,Form-aware: pokemon_form_id=10110; normal_encounter=false; admin/event targetable; Shiny Front incomplete (still EVENT_READY for normal)
76,golem,76,Base,true,true,true,true,false,true,true,true,true,true,false,true,true,BASE_NORMAL,Ordinary Kanto BASE candidate; normal_spawn_max_dex + BASE firewall
76,golem,10111,Alolan,true,true,true,true,false,true,true,true,true,false,false,true,false,EVENT_READY,Form-aware: pokemon_form_id=10111; normal_encounter=false; admin/event targetable; Shiny Front incomplete (still EVENT_READY for normal)
77,ponyta,77,Base,true,true,true,true,false,true,true,true,true,true,false,true,true,BASE_NORMAL,Ordinary Kanto BASE candidate; normal_spawn_max_dex + BASE firewall
77,ponyta,10162,Galarian,true,true,true,true,false,true,true,true,true,false,false,true,false,EVENT_READY,Form-aware: pokemon_form_id=10162; normal_encounter=false; admin/event targetable; Shiny Front incomplete (still EVENT_READY for normal)
78,rapidash,78,Base,true,true,true,true,false,true,true,true,true,true,false,true,true,BASE_NORMAL,Ordinary Kanto BASE candidate; normal_spawn_max_dex + BASE firewall
78,rapidash,10163,Galarian,true,true,true,true,false,true,true,true,true,false,false,true,false,EVENT_READY,Form-aware: pokemon_form_id=10163; normal_encounter=false; admin/event targetable; Shiny Front incomplete (still EVENT_READY for normal)
79,slowpoke,79,Base,true,true,true,true,false,true,true,true,true,true,false,true,true,BASE_NORMAL,Ordinary Kanto BASE candidate; normal_spawn_max_dex + BASE firewall
79,slowpoke,10164,Galarian,true,true,true,true,false,true,true,true,true,false,false,true,false,EVENT_READY,Form-aware: pokemon_form_id=10164; normal_encounter=false; admin/event targetable; Shiny Front incomplete (still EVENT_READY for normal)
80,slowbro,80,Base,true,true,true,true,false,true,true,true,true,true,false,true,true,BASE_NORMAL,Ordinary Kanto BASE candidate; normal_spawn_max_dex + BASE firewall
80,slowbro,10071,Mega,true,true,true,true,false,true,true,true,true,false,false,true,false,EVENT_READY,Form-aware: pokemon_form_id=10071; normal_encounter=false; admin/event targetable; Shiny Front incomplete (still EVENT_READY for normal)
80,slowbro,10165,Galarian,true,true,true,true,false,true,true,true,true,false,false,true,false,EVENT_READY,Form-aware: pokemon_form_id=10165; normal_encounter=false; admin/event targetable; Shiny Front incomplete (still EVENT_READY for normal)
81,magnemite,81,Base,true,true,true,true,false,true,true,true,true,true,false,true,true,BASE_NORMAL,Ordinary Kanto BASE candidate; normal_spawn_max_dex + BASE firewall
82,magneton,82,Base,true,true,true,true,false,true,true,true,true,true,false,true,true,BASE_NORMAL,Ordinary Kanto BASE candidate; normal_spawn_max_dex + BASE firewall
83,farfetchd,83,Base,true,true,true,true,false,true,true,true,true,true,false,true,true,BASE_NORMAL,Ordinary Kanto BASE candidate; normal_spawn_max_dex + BASE firewall
83,farfetchd,10166,Galarian,true,true,true,true,false,true,true,true,true,false,false,true,false,EVENT_READY,Form-aware: pokemon_form_id=10166; normal_encounter=false; admin/event targetable; Shiny Front incomplete (still EVENT_READY for normal)
84,doduo,84,Base,true,true,true,true,true,true,true,true,true,true,false,true,true,BASE_NORMAL,Ordinary Kanto BASE candidate; normal_spawn_max_dex + BASE firewall
85,dodrio,85,Base,true,true,true,true,true,true,true,true,true,true,false,true,true,BASE_NORMAL,Ordinary Kanto BASE candidate; normal_spawn_max_dex + BASE firewall
86,seel,86,Base,true,true,true,true,false,true,true,true,true,true,false,true,true,BASE_NORMAL,Ordinary Kanto BASE candidate; normal_spawn_max_dex + BASE firewall
87,dewgong,87,Base,true,true,true,true,false,true,true,true,true,true,false,true,true,BASE_NORMAL,Ordinary Kanto BASE candidate; normal_spawn_max_dex + BASE firewall
88,grimer,88,Base,true,true,true,true,false,true,true,true,true,true,false,true,true,BASE_NORMAL,Ordinary Kanto BASE candidate; normal_spawn_max_dex + BASE firewall
88,grimer,10112,Alolan,true,true,true,true,false,true,true,true,true,false,false,true,false,EVENT_READY,Form-aware: pokemon_form_id=10112; normal_encounter=false; admin/event targetable; Shiny Front incomplete (still EVENT_READY for normal)
89,muk,89,Base,true,true,true,true,false,true,true,true,true,true,false,true,true,BASE_NORMAL,Ordinary Kanto BASE candidate; normal_spawn_max_dex + BASE firewall
89,muk,10113,Alolan,true,true,true,true,false,true,true,true,true,false,false,true,false,EVENT_READY,Form-aware: pokemon_form_id=10113; normal_encounter=false; admin/event targetable; Shiny Front incomplete (still EVENT_READY for normal)
90,shellder,90,Base,true,true,true,true,false,true,true,true,true,true,false,true,true,BASE_NORMAL,Ordinary Kanto BASE candidate; normal_spawn_max_dex + BASE firewall
91,cloyster,91,Base,true,true,true,true,false,true,true,true,true,true,false,true,true,BASE_NORMAL,Ordinary Kanto BASE candidate; normal_spawn_max_dex + BASE firewall
92,gastly,92,Base,true,true,true,true,false,true,true,true,true,true,false,true,true,BASE_NORMAL,Ordinary Kanto BASE candidate; normal_spawn_max_dex + BASE firewall
93,haunter,93,Base,true,true,true,true,false,true,true,true,true,true,false,true,true,BASE_NORMAL,Ordinary Kanto BASE candidate; normal_spawn_max_dex + BASE firewall
94,gengar,94,Base,true,true,true,true,false,true,true,true,true,true,false,true,true,BASE_NORMAL,Ordinary Kanto BASE candidate; normal_spawn_max_dex + BASE firewall
94,gengar,10038,Mega,true,true,true,true,false,true,true,true,true,false,false,true,false,EVENT_READY,Form-aware: pokemon_form_id=10038; normal_encounter=false; admin/event targetable; Shiny Front incomplete (still EVENT_READY for normal)
94,gengar,10202,Gigantamax,true,true,true,true,false,true,true,true,true,false,false,true,false,EVENT_READY,Form-aware: pokemon_form_id=10202; normal_encounter=false; admin/event targetable; Shiny Front incomplete (still EVENT_READY for normal)
95,onix,95,Base,true,true,true,true,false,true,true,true,true,true,false,true,true,BASE_NORMAL,Ordinary Kanto BASE candidate; normal_spawn_max_dex + BASE firewall
96,drowzee,96,Base,true,true,true,true,false,true,true,true,true,true,false,true,true,BASE_NORMAL,Ordinary Kanto BASE candidate; normal_spawn_max_dex + BASE firewall
97,hypno,97,Base,true,true,true,true,true,true,true,true,true,true,false,true,true,BASE_NORMAL,Ordinary Kanto BASE candidate; normal_spawn_max_dex + BASE firewall
98,krabby,98,Base,true,true,true,true,false,true,true,true,true,true,false,true,true,BASE_NORMAL,Ordinary Kanto BASE candidate; normal_spawn_max_dex + BASE firewall
99,kingler,99,Base,true,true,true,true,false,true,true,true,true,true,false,true,true,BASE_NORMAL,Ordinary Kanto BASE candidate; normal_spawn_max_dex + BASE firewall
99,kingler,10203,Gigantamax,true,true,true,true,false,true,true,true,true,false,false,true,false,EVENT_READY,Form-aware: pokemon_form_id=10203; normal_encounter=false; admin/event targetable; Shiny Front incomplete (still EVENT_READY for normal)
100,voltorb,100,Base,true,true,true,true,false,true,true,true,true,true,false,true,true,BASE_NORMAL,Ordinary Kanto BASE candidate; normal_spawn_max_dex + BASE firewall
100,voltorb,10231,Hisuian,true,true,true,true,false,true,true,true,true,false,false,true,false,EVENT_READY,Form-aware: pokemon_form_id=10231; normal_encounter=false; admin/event targetable; Shiny Front incomplete (still EVENT_READY for normal)
101,electrode,101,Base,true,true,true,true,false,true,true,true,true,true,false,true,true,BASE_NORMAL,Ordinary Kanto BASE candidate; normal_spawn_max_dex + BASE firewall
101,electrode,10232,Hisuian,true,true,true,true,false,true,true,true,true,false,false,true,false,EVENT_READY,Form-aware: pokemon_form_id=10232; normal_encounter=false; admin/event targetable; Shiny Front incomplete (still EVENT_READY for normal)
102,exeggcute,102,Base,true,true,true,true,false,true,true,true,true,true,false,true,true,BASE_NORMAL,Ordinary Kanto BASE candidate; normal_spawn_max_dex + BASE firewall
103,exeggutor,103,Base,true,true,true,true,false,true,true,true,true,true,false,true,true,BASE_NORMAL,Ordinary Kanto BASE candidate; normal_spawn_max_dex + BASE firewall
103,exeggutor,10114,Alolan,true,true,true,true,false,true,true,true,true,false,false,true,false,EVENT_READY,Form-aware: pokemon_form_id=10114; normal_encounter=false; admin/event targetable; Shiny Front incomplete (still EVENT_READY for normal)
104,cubone,104,Base,true,true,true,true,false,true,true,true,true,true,false,true,true,BASE_NORMAL,Ordinary Kanto BASE candidate; normal_spawn_max_dex + BASE firewall
105,marowak,105,Base,true,true,true,true,false,true,true,true,true,true,false,true,true,BASE_NORMAL,Ordinary Kanto BASE candidate; normal_spawn_max_dex + BASE firewall
105,marowak,10115,Alolan,true,true,true,true,false,true,true,true,true,false,false,true,false,EVENT_READY,Form-aware: pokemon_form_id=10115; normal_encounter=false; admin/event targetable; Shiny Front incomplete (still EVENT_READY for normal)
105,marowak,10149,Totem,true,true,true,true,false,true,true,true,true,false,false,true,false,EVENT_READY,Form-aware: pokemon_form_id=10149; normal_encounter=false; admin/event targetable; Shiny Front incomplete (still EVENT_READY for normal)
106,hitmonlee,106,Base,true,true,true,true,false,true,true,true,true,true,false,true,true,BASE_NORMAL,Ordinary Kanto BASE candidate; normal_spawn_max_dex + BASE firewall
107,hitmonchan,107,Base,true,true,true,true,false,true,true,true,true,true,false,true,true,BASE_NORMAL,Ordinary Kanto BASE candidate; normal_spawn_max_dex + BASE firewall
108,lickitung,108,Base,true,true,true,true,false,true,true,true,true,true,false,true,true,BASE_NORMAL,Ordinary Kanto BASE candidate; normal_spawn_max_dex + BASE firewall
109,koffing,109,Base,true,true,true,true,false,true,true,true,true,true,false,true,true,BASE_NORMAL,Ordinary Kanto BASE candidate; normal_spawn_max_dex + BASE firewall
110,weezing,110,Base,true,true,true,true,false,true,true,true,true,true,false,true,true,BASE_NORMAL,Ordinary Kanto BASE candidate; normal_spawn_max_dex + BASE firewall
110,weezing,10167,Galarian,true,true,true,true,false,true,true,true,true,false,false,true,false,EVENT_READY,Form-aware: pokemon_form_id=10167; normal_encounter=false; admin/event targetable; Shiny Front incomplete (still EVENT_READY for normal)
111,rhyhorn,111,Base,true,true,true,true,true,true,true,true,true,true,false,true,true,BASE_NORMAL,Ordinary Kanto BASE candidate; normal_spawn_max_dex + BASE firewall
112,rhydon,112,Base,true,true,true,true,true,true,true,true,true,true,false,true,true,BASE_NORMAL,Ordinary Kanto BASE candidate; normal_spawn_max_dex + BASE firewall
113,chansey,113,Base,true,true,true,true,false,true,true,true,true,true,false,true,true,BASE_NORMAL,Ordinary Kanto BASE candidate; normal_spawn_max_dex + BASE firewall
114,tangela,114,Base,true,true,true,true,false,true,true,true,true,true,false,true,true,BASE_NORMAL,Ordinary Kanto BASE candidate; normal_spawn_max_dex + BASE firewall
115,kangaskhan,115,Base,true,true,true,true,false,true,true,true,true,true,false,true,true,BASE_NORMAL,Ordinary Kanto BASE candidate; normal_spawn_max_dex + BASE firewall
115,kangaskhan,10039,Mega,true,true,true,true,false,true,true,true,true,false,false,true,false,EVENT_READY,Form-aware: pokemon_form_id=10039; normal_encounter=false; admin/event targetable; Shiny Front incomplete (still EVENT_READY for normal)
116,horsea,116,Base,true,true,true,true,false,true,true,true,true,true,false,true,true,BASE_NORMAL,Ordinary Kanto BASE candidate; normal_spawn_max_dex + BASE firewall
117,seadra,117,Base,true,true,true,true,false,true,true,true,true,true,false,true,true,BASE_NORMAL,Ordinary Kanto BASE candidate; normal_spawn_max_dex + BASE firewall
118,goldeen,118,Base,true,true,true,true,true,true,true,true,true,true,false,true,true,BASE_NORMAL,Ordinary Kanto BASE candidate; normal_spawn_max_dex + BASE firewall
119,seaking,119,Base,true,true,true,true,true,true,true,true,true,true,false,true,true,BASE_NORMAL,Ordinary Kanto BASE candidate; normal_spawn_max_dex + BASE firewall
120,staryu,120,Base,true,true,true,true,false,true,true,true,true,true,false,true,true,BASE_NORMAL,Ordinary Kanto BASE candidate; normal_spawn_max_dex + BASE firewall
121,starmie,121,Base,true,true,true,true,false,true,true,true,true,true,false,true,true,BASE_NORMAL,Ordinary Kanto BASE candidate; normal_spawn_max_dex + BASE firewall
121,starmie,10280,Mega,true,true,true,true,false,true,true,true,true,false,false,true,false,EVENT_READY,Form-aware: pokemon_form_id=10280; normal_encounter=false; admin/event targetable; Shiny Front incomplete (still EVENT_READY for normal)
122,mr-mime,122,Base,true,true,true,true,false,true,true,true,true,true,false,true,true,BASE_NORMAL,Ordinary Kanto BASE candidate; normal_spawn_max_dex + BASE firewall
122,mr-mime,10168,Galarian,true,true,true,true,false,true,true,true,true,false,false,true,false,EVENT_READY,Form-aware: pokemon_form_id=10168; normal_encounter=false; admin/event targetable; Shiny Front incomplete (still EVENT_READY for normal)
123,scyther,123,Base,true,true,true,true,true,true,true,true,true,true,false,true,true,BASE_NORMAL,Ordinary Kanto BASE candidate; normal_spawn_max_dex + BASE firewall
124,jynx,124,Base,true,true,true,true,false,true,true,true,true,true,false,true,true,BASE_NORMAL,Ordinary Kanto BASE candidate; normal_spawn_max_dex + BASE firewall
125,electabuzz,125,Base,true,true,true,true,false,true,true,true,true,true,false,true,true,BASE_NORMAL,Ordinary Kanto BASE candidate; normal_spawn_max_dex + BASE firewall
126,magmar,126,Base,true,true,true,true,false,true,true,true,true,true,false,true,true,BASE_NORMAL,Ordinary Kanto BASE candidate; normal_spawn_max_dex + BASE firewall
127,pinsir,127,Base,true,true,true,true,false,true,true,true,true,true,false,true,true,BASE_NORMAL,Ordinary Kanto BASE candidate; normal_spawn_max_dex + BASE firewall
127,pinsir,10040,Mega,true,true,true,true,false,true,true,true,true,false,false,true,false,EVENT_READY,Form-aware: pokemon_form_id=10040; normal_encounter=false; admin/event targetable; Shiny Front incomplete (still EVENT_READY for normal)
128,tauros,128,Base,true,true,true,true,false,true,true,true,true,true,false,true,true,BASE_NORMAL,Ordinary Kanto BASE candidate; normal_spawn_max_dex + BASE firewall
128,tauros,10250,Paldea-Combat-Breed,true,true,true,true,false,true,true,true,true,false,false,true,false,EVENT_READY,Form-aware: pokemon_form_id=10250; normal_encounter=false; admin/event targetable; Shiny Front incomplete (still EVENT_READY for normal)
128,tauros,10251,Paldea-Blaze-Breed,true,true,true,true,false,true,true,true,true,false,false,true,false,EVENT_READY,Form-aware: pokemon_form_id=10251; normal_encounter=false; admin/event targetable; Shiny Front incomplete (still EVENT_READY for normal)
128,tauros,10252,Paldea-Aqua-Breed,true,true,true,true,false,true,true,true,true,false,false,true,false,EVENT_READY,Form-aware: pokemon_form_id=10252; normal_encounter=false; admin/event targetable; Shiny Front incomplete (still EVENT_READY for normal)
129,magikarp,129,Base,true,true,true,true,true,true,true,true,true,true,false,true,true,BASE_NORMAL,Ordinary Kanto BASE candidate; normal_spawn_max_dex + BASE firewall
130,gyarados,130,Base,true,true,true,true,true,true,true,true,true,true,false,true,true,BASE_NORMAL,Ordinary Kanto BASE candidate; normal_spawn_max_dex + BASE firewall
130,gyarados,10041,Mega,true,true,true,true,false,true,true,true,true,false,false,true,false,EVENT_READY,Form-aware: pokemon_form_id=10041; normal_encounter=false; admin/event targetable; Shiny Front incomplete (still EVENT_READY for normal)
131,lapras,131,Base,true,true,true,true,false,true,true,true,true,true,false,true,true,BASE_NORMAL,Ordinary Kanto BASE candidate; normal_spawn_max_dex + BASE firewall
131,lapras,10204,Gigantamax,true,true,true,true,false,true,true,true,true,false,false,true,false,EVENT_READY,Form-aware: pokemon_form_id=10204; normal_encounter=false; admin/event targetable; Shiny Front incomplete (still EVENT_READY for normal)
132,ditto,132,Base,true,true,true,true,false,true,true,true,true,true,false,true,true,BASE_NORMAL,Ordinary Kanto BASE candidate; normal_spawn_max_dex + BASE firewall
133,eevee,133,Base,true,true,true,true,false,true,true,true,true,true,false,true,true,BASE_NORMAL,Ordinary Kanto BASE candidate; normal_spawn_max_dex + BASE firewall
133,eevee,10159,Starter,true,true,true,true,false,true,true,true,true,false,false,true,false,EVENT_READY,Form-aware: pokemon_form_id=10159; normal_encounter=false; admin/event targetable; Shiny Front incomplete (still EVENT_READY for normal)
133,eevee,10205,Gigantamax,true,true,true,true,false,true,true,true,true,false,false,true,false,EVENT_READY,Form-aware: pokemon_form_id=10205; normal_encounter=false; admin/event targetable; Shiny Front incomplete (still EVENT_READY for normal)
134,vaporeon,134,Base,true,true,true,true,false,true,true,true,true,true,false,true,true,BASE_NORMAL,Ordinary Kanto BASE candidate; normal_spawn_max_dex + BASE firewall
135,jolteon,135,Base,true,true,true,true,false,true,true,true,true,true,false,true,true,BASE_NORMAL,Ordinary Kanto BASE candidate; normal_spawn_max_dex + BASE firewall
136,flareon,136,Base,true,true,true,true,false,true,true,true,true,true,false,true,true,BASE_NORMAL,Ordinary Kanto BASE candidate; normal_spawn_max_dex + BASE firewall
137,porygon,137,Base,true,true,true,true,false,true,true,true,true,true,false,true,true,BASE_NORMAL,Ordinary Kanto BASE candidate; normal_spawn_max_dex + BASE firewall
138,omanyte,138,Base,true,true,true,true,false,true,true,true,true,true,false,true,true,BASE_NORMAL,Ordinary Kanto BASE candidate; normal_spawn_max_dex + BASE firewall
139,omastar,139,Base,true,true,true,true,false,true,true,true,true,true,false,true,true,BASE_NORMAL,Ordinary Kanto BASE candidate; normal_spawn_max_dex + BASE firewall
140,kabuto,140,Base,true,true,true,true,false,true,true,true,true,true,false,true,true,BASE_NORMAL,Ordinary Kanto BASE candidate; normal_spawn_max_dex + BASE firewall
141,kabutops,141,Base,true,true,true,true,false,true,true,true,true,true,false,true,true,BASE_NORMAL,Ordinary Kanto BASE candidate; normal_spawn_max_dex + BASE firewall
142,aerodactyl,142,Base,true,true,true,true,false,true,true,true,true,true,false,true,true,BASE_NORMAL,Ordinary Kanto BASE candidate; normal_spawn_max_dex + BASE firewall
142,aerodactyl,10042,Mega,true,true,true,true,false,true,true,true,true,false,false,true,false,EVENT_READY,Form-aware: pokemon_form_id=10042; normal_encounter=false; admin/event targetable; Shiny Front incomplete (still EVENT_READY for normal)
143,snorlax,143,Base,true,true,true,true,false,true,true,true,true,true,false,true,true,BASE_NORMAL,Ordinary Kanto BASE candidate; normal_spawn_max_dex + BASE firewall
143,snorlax,10206,Gigantamax,true,true,true,true,false,true,true,true,true,false,false,true,false,EVENT_READY,Form-aware: pokemon_form_id=10206; normal_encounter=false; admin/event targetable; Shiny Front incomplete (still EVENT_READY for normal)
144,articuno,144,Base,true,true,true,true,false,true,true,true,true,false,true,true,true,BASE_SPECIAL,Phase 10 special: ordinary spawn blocked; Admin/Special Event BASE only unless explicit form launch
144,articuno,10169,Galarian,true,true,true,true,false,true,true,true,true,false,false,true,false,EVENT_READY,Form-aware: pokemon_form_id=10169; normal_encounter=false; admin/event targetable; Shiny Front incomplete (still EVENT_READY for normal)
145,zapdos,145,Base,true,true,true,true,false,true,true,true,true,false,true,true,true,BASE_SPECIAL,Phase 10 special: ordinary spawn blocked; Admin/Special Event BASE only unless explicit form launch
145,zapdos,10170,Galarian,true,true,true,true,false,true,true,true,true,false,false,true,false,EVENT_READY,Form-aware: pokemon_form_id=10170; normal_encounter=false; admin/event targetable; Shiny Front incomplete (still EVENT_READY for normal)
146,moltres,146,Base,true,true,true,true,false,true,true,true,true,false,true,true,true,BASE_SPECIAL,Phase 10 special: ordinary spawn blocked; Admin/Special Event BASE only unless explicit form launch
146,moltres,10171,Galarian,true,true,true,true,false,true,true,true,true,false,false,true,false,EVENT_READY,Form-aware: pokemon_form_id=10171; normal_encounter=false; admin/event targetable; Shiny Front incomplete (still EVENT_READY for normal)
147,dratini,147,Base,true,true,true,true,false,true,true,true,true,true,false,true,true,BASE_NORMAL,Ordinary Kanto BASE candidate; normal_spawn_max_dex + BASE firewall
148,dragonair,148,Base,true,true,true,true,false,true,true,true,true,true,false,true,true,BASE_NORMAL,Ordinary Kanto BASE candidate; normal_spawn_max_dex + BASE firewall
149,dragonite,149,Base,true,true,true,true,false,true,true,true,true,true,false,true,true,BASE_NORMAL,Ordinary Kanto BASE candidate; normal_spawn_max_dex + BASE firewall
149,dragonite,10281,Mega,true,true,true,true,false,true,true,true,true,false,false,true,false,EVENT_READY,Form-aware: pokemon_form_id=10281; normal_encounter=false; admin/event targetable; Shiny Front incomplete (still EVENT_READY for normal)
150,mewtwo,150,Base,true,true,true,true,false,true,true,true,true,false,true,true,true,BASE_SPECIAL,Phase 10 special: ordinary spawn blocked; Admin/Special Event BASE only unless explicit form launch
150,mewtwo,10043,Mega-X,true,true,true,true,false,true,true,true,true,false,false,true,false,EVENT_READY,Form-aware: pokemon_form_id=10043; normal_encounter=false; admin/event targetable; Shiny Front incomplete (still EVENT_READY for normal)
150,mewtwo,10044,Mega-Y,true,true,true,true,false,true,true,true,true,false,false,true,false,EVENT_READY,Form-aware: pokemon_form_id=10044; normal_encounter=false; admin/event targetable; Shiny Front incomplete (still EVENT_READY for normal)
151,mew,151,Base,true,true,true,true,false,true,true,true,true,false,true,true,true,BASE_SPECIAL,Phase 10 special: ordinary spawn blocked; Admin/Special Event BASE only unless explicit form launch
